CID,Full_Name,Email,AID
1,RFCHPbG07jqszWctOMD1u9GmIFJmCww7LE1FdPRv,jPv73i..j7mYmNyjNrX@outlook.com,2
2,P9j5mOSLx-YZao51fT7rR6blqQydFJJe5aRS284i,GTqmCWi2n6G2P6IG7DUPWiP-sZ8e@gmail.com,2
3,q.a4dtwUERXChb2h8Ks6MXxCK8IOm6yvyxRX-avS,KDYqfLgME-9JekScUJr9CeCFSba-z@yahoo.com,2
4,yKXWPhxfGbMuSNKTJ3EpXuBN0rqbceScG85sI06H,HvI7IPgGuh-EGiX@yahoo.com,2
5,YTUvKVJAg41dG.VilUxC2RZDX3bCw-057yP9Y-gC,FLIhXu7wbtygotbTktqMia@hotmail.com,2
6,fVdM2kc40NqMqMF8Hry.2YT-w1.qvaSo1nI94ONn,UwcDHpqXkAixxkOrHadjGxEvaDmDa@gmail.com,2
7,HlbchHituQvaSv7G0t3PYdQOgz8oRXMbLlYaV0l9,d1vstBbrPSnxrLBZ.uzEC83BS@outlook.com,2
8,hAp-odBo1rlChNCpZMt0gSx43UCvswAv7XbTgky0,oNDVhD4IVXX16fz9Aq@gmail.com,2
9,YRLtEWmbsJ23aGPK1O0WNMA4MezQEfgBwsgfidVV,Tbx5N1z.zH.WihfNe@hotmail.com,2
10,f7Kv0cQsd6KhuaBjkfheymF.DsjYIrcz5iCGofUA,BaZznd02AM-0FAf3ZEkFFVtl2CUMW@outlook.com,2
11,FSL1MEblkockUExUiHs0IuqTU9udiK-SyRu8x7oi,QhJwS16mh5XPq93d8X9@outlook.com,2
12,wxRm-kl.hr6.qM4xQ3lILeec6H61Ov4lHo.Y9zPP,eN1MeZ0Djn7lB4QwF6plJ7Otn-qEE1YZ@hotmail.com,2
13,27S8EarTXjyvyjMt7neAy6ILZP27TvuZMWtjum9e,yhHqOWp2XyqyKTugSHP@gmail.com,2
14,C7dEtycIK9LtSfr0bJ02chJht9gw7GvYh5lO2NHc,Y8VmrjX9p6o-OG79aba6X8F@gmail.com,2
15,GSCflKT2Z91wPGSqMACuiqwIso4p5UM3D6haJCIe,1qxYbuXqQ9H9M82nfovf@hotmail.com,2
16,owi6rbJjBTbUO9FltR1yysRWKiuH6owpPGf6YkBH,lfPZ2MmttMp9-uEs9Zd4h@gmail.com,2
17,G2juVPDigzmhZzxUhVn32wquo9cekyOZ.0Gl8Rue,8wxSN-XBWjO9TvsSoftkY@outlook.com,2
18,jP9JfBksHQ9Zofr..AFDSI-UehGWQEhtOxAHVU6b,bmLGwF14bk16tly3rzV@hotmail.com,2
19,6ly.3w5mcpQgpdltYMqHvyxUJTufe9VicNDatIma,mM571HDu-EqhNCcDH7xrvHk@yahoo.com,2
20,34FjKXsNqy0PuxYen4tMYwtumm6eNlBG.XgkFmsK,DeFRRbrpUsbQGNVdTBc35TznwEbty4@yahoo.com,2
21,r4rHVhHGW0fcD2LoXjA9PEhYneKtrNrvD4OBGgi4,qpxK2.7jyBGfIaTzVL5Pwq@outlook.com,2
22,HiwmzITz9XqdCs6rZFAPvdG.AL6-2SJXEAYwdm2E,Wt3nyEcldXimKjYB-hjtl14J2s3D6gHk@gmail.com,2
23,6drMAOeDEzNPpcxi4sYzPPi7EXjQ5aCTSr7fmix9,LUVWdZT3URg0aTe9dD7@gmail.com,2
24,0qHeXF7YN10TCDSBB4BqwxCLzGySQAi9UxMJC3Hi,yd6nRYF9qvC-LUSnuB22.E@gmail.com,2
25,dpfrOAzrdBrqA0qql6JndzwCVx1hm0P6XA2rlGro,lWx9HYKJQLnL3dT9I@gmail.com,2
26,BaKiGkcSYK0sU2O7j4BLlJNhTB39vygaSwwjjoLo,xmS4LMRt-kCVtcXK@yahoo.com,2
27,R-OCtV-qreTfCX23jduJ7v9Bbfk130zfMJE9pteD,LM4oCvryL2Il-NfxiaZ@outlook.com,2
28,U0.xgtlVbLwINes6pcy98Tj8T3mvrjZDdoLdH6-2,1MkDI3IZmA7TpSsUI7Vv4txJS@hotmail.com,2
29,HExUMoKroB1AK45Ebaw3OH9-KugOM.sYAuJ8OfO4,TfBvdZ79C6x2f8ClVSXmSMp2VYI6P8@hotmail.com,2
30,p7SGxpWJJV.VBP9iWsjREw3QL3vkqyAZw1xup2PP,6-GsPyjkxWolK5szpcBNlb1@hotmail.com,2
31,1dFgN7kNm21v94G5KIlQ8EaBm4kp8lQavENxPkbj,l7b26M8m81bo7e4nMrVmS3sC@yahoo.com,2
32,xZ-oPk7p2TFwMNz0hKheh1s4WF34cDVFreStMERT,TOiSn0EmHMrTn2Kt3Y7L@gmail.com,2
33,kJyKMem.kwsAzbwxZOAOpckBXzImrxSNFT9WxTe2,UUezsYDh-bMWKCnMdqfgN@outlook.com,2
34,EsDDFmAnM9ivlT8VGT5L.DbLAFdNKie9rX5TzCoz,tE-Ab3wnbGgpjabKsnsRBH@hotmail.com,2
35,S9SR-VMEk1EvALu8KkQGM5ex5hmded0kLmb5BVNy,5ZvFgJ.vCooUPIzh2s5sjNhZZmPE@outlook.com,2
36,Dy5i.CGEdnpiRkxx7i3oR4pyXrOuLOvW3RESCoOO,6PMF1kvQBjM7ssLV5dXs02ZUy@hotmail.com,2
37,7rV-2sOo57O36RkcS-F5QbEU962X8oY04PW1T9Rs,cy4uQs76anpi2fbZcUt39s@yahoo.com,2
38,xRzZUYyRacuxClznw5gzaZmVGpcDPJWO3Nww8x2H,dA9Ps54g4XiOQkN4gsIY6.KqH7@outlook.com,2
39,EJdwHZClYgXM22CMxK-LGRu2eLgiYKG4SbWF4L0R,ZfADzfESktAwDNcz@gmail.com,2
40,N0ylam6zvNaLe200I0xZ2w-GQlVcjWNN7FaH.l0I,LQGJTPmnh4iWJ656bqzKBfCbo@outlook.com,2
41,dkFSlRF2D0lewPI.joDbC6hrQz3bVSWdZV3JP6NU,gt6f9TFMPJaGZv7Cy2EklKqekyjZ7@yahoo.com,2
42,I0cBGNWPcK3yRVG2ersrvZPPJ1c46W.Iw55KfCvR,7Pwcg7jkujOcsmd6N.qxpEP6oguS2PEw@outlook.com,2
43,uuipgxzIPTaLg2VdNkGIpnG4pzmUOPEh.uBPlU2h,v1PKfDUnDmHDPVH1VBy9nT1@yahoo.com,2
44,FgdNQTbWNB7lKYRJXvuJ916oE2PBtN3uWiKFaP45,8dg97BmE1URp4cffNxk1XNRfrAE0h@yahoo.com,2
45,IXA82oaR90EOGh54tQh.pcak1Tv1roQvGx3ztFXA,qnlAXT0vzTYIatxNnk-UN69baS2x7h@yahoo.com,2
46,fh2UUtBdvq-Z-PQ8Zxn9uSpWmlGktGavEZU08Vj-,NBw7paQ26KuA8nqxXrokKjeL3eA@outlook.com,2
47,RfbsKNCAA-N8RawNMXq5NkrWwmzsAY.zRkvyyaiF,bslJJf4cHiLS2wp1HCxCOvbm2tm9Xjr@yahoo.com,2
48,PgDQ80b6miiZlL8jfZ0Hsj2wWkzsg1n6CDDkKqCx,TlcHgDKTjWIMmBjZF@gmail.com,2
49,yy8wIl08DBt3GHRT1P0qHz8jb4i0-DZ5SzinS2TQ,cA2IbgUklGgV.QpXjRv3QmLp-W7L2-JJ@outlook.com,2
50,KkrRqaXnacH9tRCpOj2ylXZru56nFgNkuspmSOIh,o19cqyUr8lxP.-qVy4DdE@outlook.com,2
51,j0KenyDvf8fT5EuWdh13DuCVbnf8KaxjrbKWrr2S,lLh7t1VumxCRFaAurjBwxU9q@yahoo.com,2
52,m41WL-BwnLqc5lTCXbOtDYTruYmsDfzOjCZv1mKh,QTaUPJLx.8rWeFy9lFna@hotmail.com,2
53,paqn1HW6Ye2sA4PMkA9V7FmArBApFQ9SM26Kx1Zx,AzFa7HAAO9NBLa2n2uiW99Ju4RJzdXm@yahoo.com,2
54,24zTDjojUic.lEhbOqSVt3Sx9qd7aMNxo1F02zsk,jMoAZ5BpHf4qE.28WX.VfW@hotmail.com,2
55,RsV773d-8znlFAda8cXq6iwTdMYuczVsAGipkFf1,WLFqJk.3tvw51VXw4lO4Mf0@hotmail.com,2
56,s0BSrLzrK02zGFad-4C3BnSi7CoJmwi4-XoY3i9Z,0HsRd72CyOXGpZD75P@gmail.com,2
57,M.NmS45ZWvC-zPd2tf7zHG8.EaBMvqPW2xikgC5t,oPpEgHxby7v7Py1haluUdAYpF@outlook.com,2
58,RKtK4pqvgqRww6RNm-aD50zH1mJ1jcj-9hg78x7R,7Ti.GVwXM.MKmC-GUg.TO6x8EQLHTF@gmail.com,2
59,LQtmHRZcBWg9yVsar7OfwNE4H4Re-gLL-qvxzEvI,jRLAE1G6KQB8dytn6HtsdG6s1p@outlook.com,2
60,FiDtZSUJiNJTZ5GVaPEyFZTvLwHXZrTpzOwo0-C6,blL8xcTleXrqali@hotmail.com,2
61,qxK-bHNd9HbH1FvcMRPdygK6Y7CAg6LvrDHh.Dh3,ihAv1l1Z029wV0o.ZhK0ioKmVZf@gmail.com,2
62,19BBtlUaAeLZvKNwWvV4oQyY1S7nWHGf5wCEDXVE,j3F.wMVApAsVKJbbfyVgQZDSqkweULZj@gmail.com,2
63,kIUcKmlAiiA43gCLqJZksE26Ku9tz-S1shcXCaW4,LZPTHI0P2ZEyyrov3c1bUpAcWtzo@outlook.com,2
64,lgJR5hgJSOAJkswgaSsfFwb2BPNvbGIh3K-7rkrM,L.kINFgHYI7f-xNc5JQeiDi.@yahoo.com,2
65,LFdZ6MnFZKluXu9-3D9trlYj1xh7L.aFcVXKZsJu,xx3xF2QTvwHXUWn55MBOTBBjtzlh@yahoo.com,2
66,f6Bodwgxc4JcDCFTmxxUXS0HbPDo4Le6fo7uhf8p,95ljap-RndZMyNNxsT@hotmail.com,2
67,67jnoQY-lvZyEJszvdgsFzPaDlmHkEuOjn-Dt1AK,K6tegh-qSMWThWo@gmail.com,2
68,dYJUbayBgDAb4ng1DK3DPsq1dp-J-1EAYPnzPD7j,1p2wgQq1tSPtE98M@gmail.com,2
69,S0JS3KmF0uD2SeveId8tbQhTbSpmPih9bFmpjJ6P,IgE0nanWXULzZ.dHng@hotmail.com,2
70,oog5egP8Bz73Vt-XTJNGRDSqhl8FfSnJM0YUU2e.,rUpCSPSiRBSwHYaZ-xl7NZKyVS@outlook.com,2
71,uHN8FsjWLH-uXiMY4AKmMmFqo7oeYD-ijBj3iHdE,9f4hng7XCsm5BPys9Rzk@gmail.com,2
72,oNM56KAwNW7yr9pflc8n8gRiI8L8-ve6radlDy58,AL7Fp63BmjcfWQKpXZsnU@yahoo.com,2
73,0evyLJjd38zSxNxPFcdQulbuQsetZJQN6ik4VdR8,gzQ4wzVQupgOy-1v.fnKd1b@hotmail.com,2
74,8Cn65V9QfHb6rTN8nZe7uFWEdeV3NU8giakhNO.W,zErqMhNH4PRkoF-fH@yahoo.com,2
75,Ej84coL93ivkWHHi-eu-HoJd.LtIQpVczUTHOiY6,q3ZiXJqjPwDpK7AnhEwe42@gmail.com,2
76,NjJ3g1UalkwQmx2voFbThn5VIDE8tvBtzxpY3JWf,EqSo8FldN4ejDhbzEp5x7jJnR9naC@hotmail.com,2
77,Z.9d5vG.BoVB-6W9uyN0iUCUV.--OnpqhzY.niTA,iPmE0PGOVOQsWnLAZKeSsv@outlook.com,2
78,6vmS6Td-wI.U6X.PDjv-LTp9j2TzNDPDJ9-YFhxm,cRbYfftJQRSE0L86uJQzo26Mpp-oUb@gmail.com,2
79,7ImDf1uF-OeTVnE.yZoBzzZ-uZLtObOildF0CBp4,lMF9WJolI29GGPKLl@yahoo.com,2
80,tW3BH7iquD3XW2dtLzdAmlTKqWaIYN66BuHxbXk0,nW1MSNk1luiRPQeI7dWs-u@yahoo.com,2
81,5ftGBeUx.g-wnEd7xxCdX3cGg3GqHEs6xGZftN6J,U64R51s.Tf5zy3ANehuUDnOvrJBK2@outlook.com,2
82,-UdSKM08TBkj-iuQZEFC8uKyt0ukhPqzh4HObKv5,Ue83QVzCq7b4aWUCroHTRv9rBO0e9R@outlook.com,2
83,rnsNo1xY3q5ZRp3e17UkjEi-c8xnTWJnkwlWSRMo,wIegEGaUdo4ondbTOpyTANK-os@outlook.com,2
84,phxYs.t5BUhCCcgQmLYTL9a8OnhoCZfRvPYCwO2h,uurYGQcsR6kE98k2S4TqsJvOg@yahoo.com,2
85,MoEEo5A-27.JC1Ej.ApfxNhinjGceUhKHeFEUImF,bjfcxcLWbnrpRwDoDq8YUIzNT@gmail.com,2
86,xWqUZdKag45jAES8EjBwlAJQLdNcZHz8Lpx8VqOw,c281vxoZ8lwz.IZkje6siIGXi-fa@hotmail.com,2
87,L62oCKsVUvMHNZoTAFOfYhXG.nGDumUVQK3aeVdw,YreECR3b4oPUCP-l.NmfXyBD-0@hotmail.com,2
88,LQVFLlFFOsHPWLVRs0uvCQS1zoWhn-F-UDLDY1ac,WJrpausPZ8.hO9HGNhY3wo6u5Ldm.ru@outlook.com,2
89,9dLTESgr-I7iPAHAad-U0DAAVkdiUnuxYS44HgbC,5RCMHLndUycZO3xT4@gmail.com,2
90,B.SuTxZd6JjY9.HJ.uf3XJDJFYP72c.dg13bd8t2,Cvlxev.qeKpmkruUCSa@hotmail.com,2
91,.9sBRrYeiWUcthSU14KE.xb4SeOpqDHDiMa3bGN7,cij.aSPQWFKZueTkOjmrjpJCegVhxm@gmail.com,2
92,98nQ3NLEpR0aEomsOOVLKWOkFudIrK.BGelaK17B,-GD3JiFcdkwCNPBatCiDyniRNhLS@hotmail.com,2
93,e8ieKR67U0v0DJr0S6Zg0GxUJhNYED71VYg18Pq2,HflCp8uP85ZaE5L@outlook.com,2
94,VvK0Pb3PvfRks6UNtpTK6YtKOXU5xCqWhkBJcqjd,f-QkCwGlwMq3MxcH6.znGg.u@yahoo.com,2
95,kNgDTXKgXoIiNLFO7zZ6UjYEovZAxgy2J0Rf-B2f,0328MXUoDiE.t2Pj@gmail.com,2
96,Okt8uWrA1FA0v76HGlqqOudBvJCHPhcKeADkObpd,0ptBq0lNyk4mFmsK6bOY99BrmrG1@gmail.com,2
97,SE-CS-OMGdqMVbaxJuffV0JPfUsLc1TQA1lqsc2E,NhncPGocnpCx-0Ty@hotmail.com,2
98,G3ES6cKCPuyedQxmDEqkEyYVbES4bK7ppEZhxI0z,d9A6kwa.vU6Q.m5p@outlook.com,2
99,F.40Q8niBz1daU7GTeKy6cI-t1NAkkWXRTxoWvOI,g5hq-sfgZ4Ja61Tlud@outlook.com,2
100,LFT.9c.YB6h35-u.U7YYkRYtPsV15l4ZfJGM3AM9,kW5lMQMGlNZT-Vq1nSlgsnSy2M9vR@yahoo.com,2
101,RgPu.ReeaDP-ZW7XnYRbBvqHXwvHZwJZdPO4o0jn,i0zSARQjlqT.bB7bqzn7AWkECrPQ@outlook.com,2
102,kSw5ioiG-5ij0X2ojjMcU9EFAKbLQDYJfITksovj,CSRMd4b-Af8WdhadHF0p5kvuTp9n@yahoo.com,2
103,V.WBhufxZodOwxuKkEEt3eXyvKUu4Kx8JkAhR9xa,i0mn8NR2Pg-kd4bHa@gmail.com,2
104,-XTvpzng9lLDPQVLvf9f0Y2PsviU7URkJoIZa9C5,j27ye9ew.C1f-Y4Yl@gmail.com,2
105,0nkIepiQDnzAZBSdTNg3r8OP4S.-rxfg.Qw-LoQd,CnZAGnNGcTsiIjk1uoInbPA@outlook.com,2
106,2Pl3vxImN75LNpIvFeRpke5gAbc1w4OPB5eEgSfT,MX5xjvk1pUW71br1wW5oJqOiw14MQrKR@outlook.com,2
107,QsXpXBmXpCjZgCrUeXuyvGT9oVtdQ99EGVwC7u7o,WxLc-2O1ZPyU2BwDN@hotmail.com,2
108,gfFJncrWrZG2uO60MJTX9liQ7CYVi-3l-8PiTq98,qQqu0Da8P5QFajZs@hotmail.com,2
109,E20NyNhXwn4MclIWnDBq0ktrgiNlJ3dDpL42oiQG,0Lwxa1aSFUWbcvxzHpMCb17Q8ugwQX34@gmail.com,2
110,NNA61IYLKK1JlnbY0V-Txht1DKq3P689yb3nWEu5,ypDI99k5iSpzjfj-aQAL@yahoo.com,2
111,h.dCW2FPpoul0pWoYmOT4yxj8-m4da08WYIpV8e9,MB7y-oHjojqO2bIC2TTIwv@hotmail.com,2
112,ITn5hbbLh1umB.8Rwcgdb36GrCVMfw-Fpu9mjDi6,1EXsQQMJfPTaUWLX@outlook.com,2
113,J472lLtX8ickFp.YT82kAUpq1L8709Kj7ZuY9mPz,FHGVTEVec7vxExn4qju-2r7c8QOWeXk@outlook.com,2
114,rvZyDncZ31rwixaxDXazFYpobg2Np8j1eKZVJLLs,mqaj5dtRfOY-btBPyzY@yahoo.com,2
115,qDq06w3jZdL54rjoitOizfVaUMNMEypwWtRKzI.i,yc.HfRHR0c9gnM9RyYnGfXnrHEw@outlook.com,2
116,K.kHnxPwNiuPw7vZOIqnA50fUXyYVyFO7yXO19EN,392NIiw.uRoXzINanPfvT4@hotmail.com,2
117,zicdEh5iqCFnCo5VikRkHDy-6MUt1R-MTiLsXVQ8,E.14YBFdMHSuW.i0V4ZW.Cdl8u6gf3dh@hotmail.com,2
118,AMFhqsLUOAGwKpUqa5gAsBxEwAPNZ2Pbq0Ecq7dO,Di3NNytcsJ8Kh.9zU1PnhEFQ@outlook.com,2
119,d4vD050RJhZ26zT385N38h9M4K2qXG5kIh1Mymki,QuDqcJvIBG.5ExKfTvDsyU9DG@outlook.com,2
120,8N-uTR5Z9qWQmqO9qa.qKIMY7AmhFqMU9tpy..9f,-SVXkG7aDDbwx6csJbSTLDeLkhBX8@hotmail.com,2
121,tmKgsjjcuHChFBcwbZX8gRzZaVHWPyb.0oZG0qRN,QnqFvoocDKsIyp2pwI.2rZ5@outlook.com,2
122,FEoprmnN5rVsDjAjl3dUsN1vyD7RHEjrFD48ARbb,-7fuEMS8hbNAeI91z-Ju@yahoo.com,2
123,hI.5yoPLkqL11B60fh85sPllHpa0JeB1EzgE35Gg,79gcnEAePQsH.6e8FXESxir3b11dr@gmail.com,2
124,44m.AYMC7IohSCrkFy9sLPVb0MKm3Ia3.6yvLrV9,dM34DAV1S2m.C5PD3hd.pCSF8Npacc@hotmail.com,2
125,5wrsdFAjjtEJ4AsNZH3L.-uPx4Xs0AjHgDd7LV-q,U6WMDLIgGu.S94G8iU.@outlook.com,2
126,IrdMkbaO404DzdRdUBNWuyW4S8Q1hWLgIqNnXoIM,cQQ-pBY-BFbhe0dq9GfZWi-NH@outlook.com,2
127,6XXezaANLDWEDfGgmz9XKD8RIfzBDcIWn3OKHb7m,.EQcbCJAAhY1vt6l@hotmail.com,2
128,ek.3a1prGpJblGTmbIDsl69FZ9T7T0I0ihigLSvI,epqaLr5NaId3FoapLh@gmail.com,2
129,jPMJ..TOg3qJWZjruZaBuRPu8v9tKOZIjeoqQXrU,tIubo1nuPt7kHovEeyva3@yahoo.com,2
130,ufpHIwsaYb2COZbuyTFPAu5.6gId9GUq4yIeCiTc,du5OL9j2jD7.1O0igS@gmail.com,2
131,PT.Ugx2rwcBifCmKk7zqT8clT7Jpa.97zwp0eYrl,sUMAoB6Mvo0zbGraqt4fBiN@outlook.com,2
132,wVF3vTvTNLr81aoTjT7LTTDb1PRJB-26NI.7nIgF,jSzeBYpP6NHzBPefuKtNtrRiU@yahoo.com,2
133,ZGHGUP3y1ObVS01mnziZ4r8IxQmXxbWI1FfyT4FP,5k-QzPm.5zBkWBlDq@hotmail.com,2
134,yD5rbrxC1NcsXpo7V2JGRnRPNJ8KXEpOXWRGJa4w,QrzX3KTHg-Hm5.tCXcFrl5tZBNgTXwt@yahoo.com,2
135,Z39RXAVxg8DIOOK5MUIWL6UJiMiglWQmJF3tJzQf,bjoQNc.DApg9gFM6GOcNUnaPGfZ@outlook.com,2
136,ySgeqRPL4FGULv6f25wPACz4UVjNrdFbVNkPwPEY,aYlYqFZbVRiryXZncGQ4PzQT8rsvX0A@outlook.com,2
137,LF4X.0Z3fQsA4lZ7i1hLNk36ip6od.nA0mNCPMqV,DoWa-ONvKFhcF3KFrf8@gmail.com,2
138,m5c0lzRlC7eehxahEsRMIpqz26DCMMPVTAHPkpMy,58EMyXwGKs2lpNuk9DW.UoyDEC1MRCA@hotmail.com,2
139,s6hew3zz1VJVJumYXsOv1xA.CsrhgUTqGimnt.vE,rruJCOv1vxHKLL2yrapKJb@outlook.com,2
140,4i.08-lfIJf4owW5z.gWx5RQLipBHs0dAX9mYdCM,JO8Zpuam01cu3MgHRx39buT9hy4@hotmail.com,2
141,GKkr.dp2WbDUby6hIDNz9joWTnY6ZUuIBE8GrNg3,kFgpYkaJmKM45Ja@gmail.com,2
142,FhAEF5k5PbCbz7czf1Q2H1jcYb96t1bI2hVsI6I1,pwdyS8ZelksJgQd3Riq4Gp9hqDnE@gmail.com,2
143,z7szbfhYc-ma1KL0p43iOqh2-P1RXq57NGKXdEtJ,1gt2te2lPqVsn2UQ@gmail.com,2
144,IfssrMalT1lvbgiqT9q9XChOdAZ2epV62VD4D-p9,8I.Y21yI6sQi85pq@yahoo.com,2
145,w3FinCvBu0jpocf395zvUOS1qSK9Rk5UcqpHf.mz,80SdI60I6qd4e4heVCqvEe@gmail.com,2
146,CdQbf8pKmUEnlRdrzFRoOUgK4jLtCtBkCkbk6yVx,T.PBRIyleZuvzx-MiAOVfb0GR16v@hotmail.com,2
147,bhjOat5DrLEyBKSs-cIvitmgatJ7xZJ0ihjoeMNx,LYI-LobapXgsX.D@yahoo.com,2
148,A6VR6.23bhxxWS47asFxm906jhlJvTu8VwrEmTpl,xr4A.kD3pu0iL88asqnKgQ5TGH@hotmail.com,2
149,N20eDBOyqZ8LZJpxEKT-zdkNoqcoDSBe391GtvQa,OWcMrr-ggajOg6zBIpME9FbaoYy@hotmail.com,2
150,AiMQGiW5XtC7TG5tsP1DzaSfLAJ3P0E-a4Jieje.,-NYyogw1K8XRSCh-YyjP@yahoo.com,2
151,yXGnqHjui4uDzqasOd8aeHWW4QYNu9tGshjfgESs,ld8GnKFVrTIkrqDoEB-w3L@gmail.com,2
152,LKj-4kf5FeghzAcD.wwRXWlwNL4hPoNbiYjdb2SG,-9EYOQxbBJavB1waiM5NclyjA@yahoo.com,2
153,iZXH.7Q1p4EHhSLCwkYp1gLaEq7Z9Om-D5teVlNE,LUNpLPFRi-K6yH0t0pvBy-y@outlook.com,2
154,G5YdUrdJ1Ze-.coviBuFTKN-uQ5FX0Tg67HjKHNH,CWZsVMilManjjpQmMW9C5O@yahoo.com,2
155,TYMScFgefFgN7MwnmxQrd39kKWM8Av7Xqypu3Ic7,GW4jisTPMWhgqyXzyTZbqleDJ9Ikc2@outlook.com,2
156,pVWYeIPm9hGR6stYpLCOAgP8en8gkrnkIL0T8Gf9,e908WJMeoEaMwCoxnTlqoxS58Sdj@yahoo.com,2
157,PaKc.ue4l118CRypTPFCtEq4rZ83gA4ZCpBgkjO5,f2OEzxqSzSZgRx4fC-57TTy@hotmail.com,2
158,TUaC-Uq57PKs2EdOSHOBILEy.q9sY-BKA-ILr001,jQLnyEhnlLTJ5j9L.kAJL9-gb6R@gmail.com,2
159,9FFLQB3kIqwVPQEgm9S9ZhDCM9M.Gg.bQyowfPo3,c0dIk7K0mqssQgkNO2YY@outlook.com,2
160,nI7OPX9Hj5qAehiWXfdwJeFeSGssCullapLvQ4s-,qHSNKtKczyu5kx3IODPhvHU@yahoo.com,2
161,7piExz81JRtU1-SW3xeGP4apwVacwsG97tX5pkQK,EsG07XkW8wzbi4A5nJdPybF@outlook.com,2
162,ASVx9EdL4zb-feawWzs-yYTHJCAYxWI9xpqyKON4,ks6y9o3swZdm10Iy8pb-@outlook.com,2
163,dc7LUYGX5Uevnn6A2HWanr3fteMM4Onip20gIR6C,xSjSidfJ5-6NVsfNuFauqCK@outlook.com,2
164,JNDPYBMam078E9ZF3X8D9yYcpP1tGYeqpIrleKdE,KEgWmEKFHHW8RnCxg3G@hotmail.com,2
165,r71FY8SvG2bNUqmQqe3uJ2-fdLVtpO5fpCpZDUlE,6W3NaXsETXGyfI0dLxJYiM.M6K3uSw@gmail.com,2
166,CKXWvJDDmt0YKwkFMWjh6XVr2nuq9AH65r1hwkuW,Vf6cZqX2E-6UeiHFYXId.@yahoo.com,2
167,moFjbIms3xJNInGfRyaIKTkjhOuH99duBHOVSoIC,PNAD-yH3z1-7ZqHSxNAtP1uiH2@outlook.com,2
168,AobUR1yFsSaHRzxQmPt1EMrale8IZW2KSYzLghxd,1oh6lfxtLam6xO5qGGeq.n8fNGtCaE@hotmail.com,2
169,58EPbRfmKiVLiYsoscGbzbOs5VZaelr6W3Metn6l,IfVaeHdsQykpm.iIs7@gmail.com,2
170,I9yIU4nGs3w9m9uJdoNLSyOumOC7abmPPUStWZj2,FO5NZozrANbJoEVRVmxUPTjISiXx@outlook.com,2
171,ymwKHH68WMTFRZROqBhD6by9fV-kXKBA-1WaMG0E,XXZwoXh7fFUsW3hYSCYHXP4@yahoo.com,2
172,kkEn8GnK5uVVA68sGg8lkzuuETd0JcdkyDN7Ivbh,.aH8X6xamaPpCzrbl6Y@hotmail.com,2
173,dlHzO.Rn8Hnuj93itmsaQH8JG772cUcPQvYvgrOr,GGaBrrGolOpcWsuLhonpwDPCuYR@outlook.com,2
174,D6rhmn9EUFH10PKWdloYi2tPEcpTmLPSJt5T3M4k,S5n-dS8G3tCNHS6.RT@gmail.com,2
175,Crmvck.DNGCKgzenYOKX.GJfFJc7kSNAVQj6CI-s,WuCw2VUFZyKhktrMVdcOmKUOUI@gmail.com,2
176,FmGG1cOm866ehWVj.IaNFE5CV0-ECRolyeldjo8Z,d.dAHlQUanvgO4IL-7rDxJbk@yahoo.com,2
177,0oW-n0qs1yC1wwPJ-icg.D2yA.ihSLG3G-w8eGMZ,YAWWxlSExW6436lDI4-..t@outlook.com,2
178,YHZN0wgX81JcsGxPcih8MCvKYQfmeHVbsDVW3F0J,g44ose.mUVJq6mwGm117D@hotmail.com,2
179,LHqL-TBrYABl9yXMj6045o-rP1H6BVeuONXb3g3s,Krim-NM2-naU4gAY9jMouDE@hotmail.com,2
180,dpii8oxeNX5BzGUgUHfH7pTOBo.DdfJm8288gLhZ,lllVLN6B4ugWeODDCRKu@hotmail.com,2
181,M-ERnRAv8k7kp.F0boGWQyEeS5T50eaPVE303hC0,MBJCBDMdsACauwDx89Jqq@gmail.com,2
182,cISViTvNPdD6L9U3JtoZZ35aTTL5HUckKUd0Ft8e,tPwZbyVlr6uKeXXd@outlook.com,2
183,DOLBQRFhb2tt-ccTukPJGAf8RoBZCVM2s2-C0-SA,.fW-hlHU4MWKCISutQSbSrSDltb-F@gmail.com,2
184,0eQ-zZVmwAoozlbmRijkdNOH09AjfLsQbah-BLMI,lgg.hEIdsUhKIdO1Qib3.yojXPl8A86@hotmail.com,2
185,tLmJjvcIj4KryIdj.LWZ0LPJp96p3ZE4geigCEts,4M.UntnJC-4Wb36@outlook.com,2
186,MfcewEAmkcbVv8xrmM530YuSmiVRIpjhV2Qz9q6I,PqkefFDcA04uk2EgHTuS9E06M@gmail.com,2
187,G.264STF.2wMJw5oNRPYWenKKZOhUhowIx9Sm22W,Fu5AqE1NsDwg7fLpC6BoTY@yahoo.com,2
188,QvqVsSaZUoorFpCsANUcuvCFbj5XAhxecsHfI3Gi,Ma284b5xKu-3-mr@gmail.com,2
189,X43f1Mm6ltFsY3NhW.icYlgizAZ2iJfjUQY9pile,22BKgWGpVbdTAx-O.PmrZm7A@yahoo.com,2
190,6SWwiS50CJX0mlJmXaFO3x4P50roXQQvEWckp6i-,WDy.u0R9P0SCbLvhGUFN.6@hotmail.com,2
191,6f7mCZEwBeptnmlJu3-.If1mw7ku2bjR7B4oysbs,7D57ObLbI6WzI7g@gmail.com,2
192,Q5GeKv2CaZ7bapvCNlwbZlrEX616s-OjNw1OArHV,41RKclCnNIrZw31sIX@gmail.com,2
193,lHrctChA2VDD1VacwFuTq27fLdFOHZQX62NHGccL,gYqMDbuNt52OPbZWlxy6-3rEFKA-@hotmail.com,2
194,gqe8AvX-TuSGo3Q522rsoXgorjvWbOajYUgasz7n,JHL4.vORpaj3oPM@yahoo.com,2
195,yhOG.10saK2yWyGggp3JJ.V8JknYpb40Yemmz27o,-C-C0cJDGiVdMoRN1.JdB7xY@outlook.com,2
196,.uUbaR7pP.TBmHwJ.B7EmTlmmZRLranKdp.TI9lQ,wtfKEoWW5ZBs2pdkv1QJ2QjiKp1@yahoo.com,2
197,yLUk3.6CvdpfVTFOVpYlstM3vQI9za5WYI-zbhHx,NuatS1-V5Dy3F2MqRdU@outlook.com,2
198,O9pQigNq8Y-MzHFmjyPvKY35DkvhjIgqZtQT8nc3,DslQEfNiVvrijbkM@yahoo.com,2
199,j0xUGkqWLbvfX-ZTLfU79vPQFxmCQqIFRq4qRMPW,bo7wuqHl78l9L89P.cYDnZYkDClo@hotmail.com,2
200,j3bRRBbCAZbWAZi3jlYGxblVojCY9uYjnoRyy4Gs,kRBHBiHys.i7iXi0Sv.@yahoo.com,2
201,YZRD-JFGYyO9TeZ8TI3RErVdycUNyoY8VGF2.MzB,gRZWWfAaR2dGH5pad7-@gmail.com,2
202,ZS1ey2Dhsq8FlQMwJQN3AxVhpns5OiQkJf1Ux3Rm,Rw.5eYs58k4P-r687TUEspRvE@outlook.com,2
203,68vW7-C-NG1OQTLH1.8kcF3NK9MfJxd4uIO0vLeA,0xcbd65wDJMdqbkoYKy3PO@gmail.com,2
204,zah0EiycVk9hUwYLLNBFJVoO3wph4yTD45LNsa3o,cklHHPg5NFrMTsFmv6LfISdMB-@yahoo.com,2
205,.oX5WtkZqPJxwKSGaIwVSxUELD.PIKFInnguiJJw,eViMbLk5aZO5AZWjWrCms@outlook.com,2
206,M.PE3dV-C0qPuIGDYiAjHZPBw8AUWr0DUQF7U5M6,WjKQ-nsrzEJPjUkuid7ZOvslxS@yahoo.com,2
207,3VMoYKpQfmG066PYc-5U2-QSx9ltKPQIx2pnUzBh,XX0pC48R3aMRG8bCfeA9nTy6FAb@hotmail.com,2
208,WD81ZmpLWRA6Qfn6MaxjClGKqTrEW8zqkBFL4d7a,Tx4LlbUJkNG6H6wN9JvLYfkF1aJWpMm@yahoo.com,2
209,mJRcFzox0UAG7Am6scEecjjeyeDgUceZIc3EWXC4,M4vvM7Si6WTiqnitAtAogDt@hotmail.com,2
210,XREv7RYF.68i.b.e0fBhtZ5XQMJbzlwTSiz8bHH6,lc.Zwzw6ccluw8gOQeU3@gmail.com,2
211,Yq9HBXnB1A9sgfAePsvI192YqYhsLpGvJfAlJdcb,mByzSfq3J5uIyuXQetlADNX@yahoo.com,2
212,sBse0SC1SZvDSZTGCsxAZTI0HMpYUi-45hWCdNcF,I1gUi6.5tkgOBBon9mx@hotmail.com,2
213,eurXAjti3ycdRNskIL27f5.cEteMcF1c48ovkWxO,k9e9MBLzG5LD9yrw9@hotmail.com,2
214,zq.L46BiCm5B5ZI9NXrHEnfGh4mMhWraFscCWIJl,zgs3ldZnY4fg-NIf@gmail.com,2
215,d6CvhHnZv7tFGnJ1tEAz0UTPaFtd3RFgtUpFwWCV,AOgIPPGfDcuAmh4iP@yahoo.com,2
216,eaUyCnlLyxTySqsuI63B-oAsV9c5vWQZq7EQHe.Q,qRSw32PawpvNPVO.ruErACwb@hotmail.com,2
217,yzzbeXADc.cqtQ4AjZ1HUe1n0RBzQWE4Y7pyQLxD,gWSbuexAQWKaT7Qf@outlook.com,2
218,P9M79KPyug0U.-YXebVHKArabqeGc6lNKkMGZo3K,s-Cy8vvviTGJUzG.b.lD@hotmail.com,2
219,OFilLSc8KHGBRumt4AMS.eOA4NQUJ3xBhn7vxC72,-ekiFPy7.RsKKFMWab1TnaHVi2M4vylw@yahoo.com,2
220,NCmNA28mG7QAqOcPSwTprEARgphZGKUFUHkArA64,GN7i-uQjHtB..n3UP3e02jG59DWtibl@hotmail.com,2
221,XYseQtxaXsaJGPRTm7fDs5htkTkWSrCSWHx8UEPr,LdRsHR-uLfnBLgz32Zv@yahoo.com,2
222,Ptpee1khTVyjtiy-KdCywGpMlDkS.af0cMVgKjEb,ysOG-aNC1vlKON5C@outlook.com,2
223,rmqxMlzQKlO7KpLVSr0GW37bJnLnHnL39fZNo3mx,jmNLXFz1IatEzlTt973WfNgOylPbhyBB@hotmail.com,2
224,bTRzxFXzJPlC6DpPjT6l7orl.ekXF7kFW6iDdFXL,.r77jqrNqovNaheJOzXnT63Z8piGI@gmail.com,2
225,8etTSYY48yb8dnGpTeu5ojr5yqaIBpu7N2zKRc2I,M87WMV9xiNN.T8uwNpU0@outlook.com,2
226,gWn-JixlCmTvfi4O0yAHqQTq4za1hufFuwTfERlB,94NSD-133E3hyVwkTA9ygPk-0O@gmail.com,2
227,b4TSE9GwWnyRQqWfBK2xrnAOhSEQe5.oAor.99an,U7aiUDDEgSpNszVoEBzry-ZU21G@yahoo.com,2
228,yvfByWGBkT3p6OQQsubziGpejUpedU6p3rqr6XPU,Rmi3dRPKskhr0wq6PBJJtuE@outlook.com,2
229,Dyb4PFtPpvJvDRxcMOzyjJWfPG784aHp2W6EICDI,eeLeDRSuVKWYQ8znE1k@gmail.com,2
230,x9GCG-xQLTxorJ3k0QnezCqLNfAn6FL1AXEOpMOU,z7xYeaCT.zGgUv0W3ZtzA5674Qj80@gmail.com,2
231,N06OxBoGH6tvcdmMz0zRY-OcoD0CfzBqK4bftCAu,y5MHciChQVnoeUYfbbmwW.tG@hotmail.com,2
232,cobpEh-.skgaHOdtVbht2c35kkD0azhx4QkGAWm8,VB.MWqmYnv.gsdlkS4Oiyi@gmail.com,2
233,FJaAwjXfYzx41ihZu4K8XiZ8MZlnf3OYCsUudd5u,UDLuabI2Mkc4Ppr0t1-XT50u7.2@hotmail.com,2
234,c4EU1GJT5YHfBWga75XcamC6gQY2wVxtnmvWbFbF,vzl8gVQVyeiSysy69M8mfP4@outlook.com,2
235,IZ5iTDJHXmOprDGcVvUYDiyeFjVY5UHgNXIvCnxX,7enUMoTTce8o8Xn7p1fBUDt6FWEehtrl@outlook.com,2
236,4FYEjUMwD2HpKZxBipCrgGzwH0-JvG4rtT5q6KQj,u6sQnPN6Iu6KcV8ao@gmail.com,2
237,H5XbLXbAOEOpN9h8iz1NhB10NHf.z0XvQ4LjSO.j,VqNCaBu97RjMnCZyMi4Gu9rnly-ll@yahoo.com,2
238,ZFqTVQMphX849DdVJiGtZMBv7-FbkSe1c93UIIle,qth6B9dmRWp4vj-Bt.6F4SBYF4@gmail.com,2
239,XT2bA4amgF8CpwvFzRPnEagr8gvEwo02zkxriUpu,ZChWkdc2HYnU-rmdXC8oIIl0dR4zJs@yahoo.com,2
240,-fpv3KeZFKmWTHxucu4ZVX5t07P3gVobRYWNCrfq,jO7q9oIuTvE87OD-ZB2Z.VZH0f@yahoo.com,2
241,Sgp-4.XM3h7hQYfjeIDkvxlWU6EEzF04D-XZKQmw,VztvYJR2cnS4sG5rY@yahoo.com,2
242,Dj4.i1qkUhBtJLeqHjwTDx.FpnVDOUeKaEcL9gMZ,FFUX1uYFhRU6a9U@hotmail.com,2
243,j3t26btRWjBocCjdsDMSpA.S0uGQUUuUmWq3DuhP,XQ4Ke7iNRcelDhJMKE22iPyjXTe2BQ3q@gmail.com,2
244,z58Wx7.lQhUZB4ODVc5jrkOFHMy4DlqohiUz8N78,S1Q5pg2o1NVRwyi6tZqhbM9qGb1@gmail.com,2
245,LxFe9R0LUvEpnUYp8Q1ybmZSsTYpeFkJpkVI3hbk,2my9VX5Mv4ujqytlzCn4atIJ-yuCSq@hotmail.com,2
246,W6tq4pVm0gLn6hF6jfAc7z0mvumJwEbPpvpilaSk,8wOVx2JXT9ZLWRzQu1R@outlook.com,2
247,e9BB8Gw-45lcUoy1bKtxw3fWwsv7eDbQR8h5I7H9,ihc5BtliNQPJQ9l9hxW@yahoo.com,2
248,hmDsB4F.MmYp0L.vZZGWEh36bOUDNDeuTiqH8EDu,3Jo2LdSvHpEAzH-QlM-Q@hotmail.com,2
249,4HvB28SphiE8qDjdTGVpPevwt-b0tSrPOXUoXF8h,IlOlBSm-Wy9D9CO3mR1sL0lcHfgA@gmail.com,2
250,aJ8n245szKwbLmdtYVrhpo0FJcbEfkOZeD8Fytlo,8Lw55jl0pHTegL-@gmail.com,2
251,5gcyeTUlRfYIX-yzpwOYnv-o7W9.530azDGJPA5c,hAlvQitU.J.3Dky8qPW-lpcHD@hotmail.com,2
252,iFWkByk1Tmppby5r3915.PFW9nSuoH55OJWBqPas,FSzd-od9veFb4XdRk67@gmail.com,2
253,Zs4zNZIbU7u-xb2eJI-Xx4F5piZEM.ErinEm-uZ8,pqAId-afLnqwgJJap2W1EY@yahoo.com,2
254,VneI9ZyC5LOko2nNOagIijveymFuHFJnR3mMpKz7,wWAIqeOuSIHNRZLXdGOv7x-XH@outlook.com,2
255,92YLuyj9zui-367wcVZQ-.N6-QUl7UpOR7SX3CzX,Vlzu8Ru0luhIM9oiN3V2t4Q@yahoo.com,2
256,jcX8wpBhVZAlmKfA8DSABUl9X-YyhQ2GRF7cwfMi,dLsV-oD7wjeeI1WFOI3dFBUbGvq@yahoo.com,2
257,M98NpJ3jdegWmc-z2HHltuLWFX62NIskmPzCEjyN,-wMOaejNUFB89OnvU-KN4tcNTm@outlook.com,2
258,sdCFU5GTSw5fHYqxKZ4MadlIcBarsWqd.E5-wx1t,GNEDFAMG32.F1eB6@outlook.com,2
259,d7ct62VD8u4cggmX3O6IeYfOgIXdFac8zoOb2.mc,Yc4O-ospXMxEjv58PRPUHIuzGH@yahoo.com,2
260,qC6nqIn7iLejEe2MPBSnJSUc1J6227tDMMt2BhMs,sBwYGEX0uVDQwRY1Iuc7E8Wfg@outlook.com,2
261,a0D9mA1Mc10I9J.EhelJ9M80vM.KN8ai4uU1tmp-,wbOVtmC0j2s4e4Bz38CtClxy@outlook.com,2
262,Evw9CLsJ9usTSeNqa87HCyjCYwN4e7kKI30PvAT3,7TblU6xVKtFGHBAE13HBRDazr@gmail.com,2
263,.MV68xCRBDyVBcNlM.kRmdHgMNiTdrIAY1A.1ZvB,oKSq8S1DFxGUl1ln8@yahoo.com,2
264,kThivPwpfXrf2KguBdu1d8xaQU-6WihtIaCZlkKo,mlS6q1sjFgGj4FwV6OkB0E1mhxIWgV0@yahoo.com,2
265,FMuA3ltxVMxiPleBicbqjuQ1uox2LR.ijBp-mPem,gXrITK6qIVFQNeBks1R3Cz7PtjJ@yahoo.com,2
266,H9s4GGv91r6ECK2SiW1KfzpOGn0v.ayQuKTHh.xy,oevDi1n.NHKwMK8I@yahoo.com,2
267,N2kFKdwI6iT9JiUCrF3io9ET56vpjJQFIH0N3GM9,B5xHjnYQnVx1hXcD.@hotmail.com,2
268,2KALmX2xfW57BhMpw-83RZnl7UPdBhaG9iHsJIJ2,PHUTZ9m5bsZsv5amBhB7--nexc@gmail.com,2
269,DCXhQHdfN7zz9nvPhk2ItJJqTQzu6h-H38XpCoYd,K9GljVnKN9MMZdF0y.7gHjrvAOvjBl@gmail.com,2
270,Mwhn3EI4Scvth5ryG9dAAmhvVpmNy9ispSasB3Zr,KOAIelxZ4rchuh-FhmLRhO-9ld@yahoo.com,2
271,H6Prj6NLv-iMs6MDL4nNfT6MRm.CkdgaNR-H-SMA,Dh0bWIOqbhvaOwjew6FpPDvPBR.pEdc@outlook.com,2
272,KO7s20eiNJWdDdg5QUOTuFMRn6ov0BKCoEVS9sad,-Pa59J-DmEMS-mREdZs@hotmail.com,2
273,lR6Ha2y3.JMTt1cWZ4lymKXnoQDe9JypIIywCDEd,8xq3nQKg37Uu1dGii3e-4@yahoo.com,2
274,pck1R6EV7y8SMKR33Rohwv69cvKZs2Ne7ilAySFI,th-RyLSuLchRHsE5.@yahoo.com,2
275,BSk0ONrEeDTQU62aVBEsQi7yvUqHf586jdQerqtN,NZO1vTP3v4XdbPG.a9ho-FFbINT4@yahoo.com,2
276,iRYsvXoDZTwbKcaOemjRPjPGyKG--YT.kdxS7iEV,tnobRXOWWG72euoai@yahoo.com,2
277,SZfAJcUv019YkbNeVoWm34L.VbzAXPLBMFGoqUyp,EFeqXSlxWaKKhz6Ifs@hotmail.com,2
278,aiLTfQoHfwPt.FdB1nY.yqhVfvCtO64wtVL1L4J1,XDjSWGP6azJCTQFPsl2rflVySfOMmB@outlook.com,2
279,LRQUbYEGm0UDtg8EpwcFR593QVS-7TFrZ8TPtthi,5LjXmBz1h6K0IqNPXOMfKwpvd-z@hotmail.com,2
280,sEif..D1csuWkv9VumXTUfoOQcEovTVFQfukVckq,HkF-M8KNMsZjozNT3ujSEBCqUO@hotmail.com,2
281,ayHQeYdaWccUXDpA7LPqTrpjnN6z9ZOZp07NDvoi,BDhTPZfBCEtycXtYzGN@outlook.com,2
282,8rYzh.iZYRz8xxuvCozRmGXzOnGSCDj4RY9NjIC2,mzCrhb7hvE9XOhRqxEDtfK9NEf@gmail.com,2
283,IfCIYW9rRS2n1QPLanJVNZYnQsbzMfAeEUeUU85g,MbiEIbV-kAIR4qYzQ.t0z5F4fj21X@outlook.com,2
284,H2GOVEaKMjil3liZu3lQJWCSHhDPZSSWmi0ofB46,0qu3e5oLqBwIwfqcSd@yahoo.com,2
285,QiAgq9r6CgOYOWdz312RnItQVA9qlO81ILWXsOei,HsWQKeX6woij9mcCusxWtCc4c6q6S@hotmail.com,2
286,.bnyV-2JUH1jhoHFwsjHWBEhZLUO8YHkPKXsrg9i,4mxs5ZT1prfxgRDQ2bO@outlook.com,2
287,8zYbimhIRmp6ru3pkQotsJBA1SiOKjxhUMYyeyTs,UN5bWAVfT7zC--sXK-@yahoo.com,2
288,f11mXTne8ybr8wpndBDl5IOwfEs9dD56b3KgWyDq,mNxGUM-7VLQ917WaF6VG8@outlook.com,2
289,L21OT1AeiuLhlgQ5d8d4B0F-pf9BtX18CbEANK3q,kq5GdQ9ETOwmXDixbtYY.s33d0GdrsN@outlook.com,2
290,njZxArgYb38C2xadnOX-As2Bc5rsPXv3epeLMCI0,TYRFlLdWqRc.IgCHqsqK@outlook.com,2
291,1GhwC.YODogGBpJ6-pwaKji49DFb1HPno4sU1ljX,zuI1LKd32DVPR4BLiSojJ3SOr0Gr@outlook.com,2
292,aSTVfbLjG-ICPA8X38vdCCA0VIlGHKsLP9fDGsYd,1fBNz0nr86-H9A-MSSpQoj8Adkc2Tiv@hotmail.com,2
293,pnc8Ij-qM1trqjA2QHGCPlLIb7qkioIyJgRwVcbL,eoFOiItnGmPeYKwKSIEwoAw9IGJ@gmail.com,2
294,m31dAnbPiRJKGNiTY86sj97VMSMHx6QsaTtBxxTg,kWcRZCOcdolFaltqzUSViEA@outlook.com,2
295,94kFPPt6svbByfVUBQJQJbC1VuEuC1Oa9JkvTaGy,lRG4uwuVrndO02nhWOWWFXl5MUer@gmail.com,2
296,jvn5n--N4R4U88AXyDN-XffxxlHJB4SFihKTN-bL,cn0bG2P5jHWJDenqO8T27Hb3Cxy7sV2H@outlook.com,2
297,Md2u5dr2dxbJNLbHD8fWL1T93aczypbUS3JNzsf.,HV47v-XUVSoSE4iQAuu7-oc8jwFJ.x@outlook.com,2
298,DbOQdvJzK4eD1DhFdWX6rQElAmcAK4qiuTRejNZ9,Wj.8JgVctAOwLprJxSBCSbN@yahoo.com,2
299,tzr6rJ7t.6VlR5JCc6aC.aeZ36TV7vG8Wr0gg7Q8,AkA9ftIGsxECMm5spVLDMk8nv@gmail.com,2
300,eASnaoemM7xFKXQKGEbPu3miUd0cmWRn7WquAuLR,hdO.kXQGmxAykHdoDVXgXHcgKU2G@gmail.com,2
301,mVBMq-H.OtrsNhleCg1m9voKr02GtradA1G2zY6g,AK8vWQzFQlBAnBKDeegK8@gmail.com,2
302,LBYLPX5w6HaAT7mgY3KsEtSfEH0dlqpMTUk8HK2o,t5I1SeDoB7ZNeZDLTt@gmail.com,2
303,JC7mU4j3AcpYD-cciXwROJYAehz6qbKs6gRHjapn,Z.i-So8m5eaXZRF.Xls@yahoo.com,2
304,9sQrKk0bKWZ5fKO7mgqjSSZippoBf4339El4bB6G,r8kG.jPWSHSslmuJRppOjmR1UZ@outlook.com,2
305,iLqdlcbB8-Pv5RQZFrXFN02E2v0MzHZv2EEtBY7b,aDsuVMPa2-8ver1W@yahoo.com,2
306,nJPNIS5.lAChPOmTG1wGVphSAUlhT5QpWd2yBb3V,UYtmHGBkBdn93MU@hotmail.com,2
307,hM-BiWqRhost3jCe2DxEyl3ye-BOo5HRM3TDt5Fq,0CoOWVUphTI-4a6LMGTR5BoLpy82n@gmail.com,2
308,vAS4LagvYUolYt-QAgWUWahwPWp183qRzYB4sZYn,JQxCqXPTjOv3ZW-VKTJo@outlook.com,2
309,gNnDXOYYtvSyuqZp3ijrBahcTuBd4zH18fNPnwrZ,TANjCv2SyNk8Lfmlde@outlook.com,2
310,W7SRxjASoA8MKok17aIrEMB.O6o3ifksGUHObJgh,d8eueybYEtSHnDmSzphjvot@hotmail.com,2
311,SqVpOthw381EOBsCMM9sRg3LTpI4L4kpj9CwmOqr,-AZGj.6-9xf2FUQD17-COw7MZ0m2fDv@hotmail.com,2
312,eyR9LC99VY3ovRb.K.oJsfwlUcxYvggNnNdeSVqk,wl4.5TBhF-2EF2yZNTPHTAvl@gmail.com,2
313,jH6P6Cu61RBgTJSyWFE1xh5hz2xTE2qKGjjD0aXq,8ljPGQEF5kR4RSYyyf-sXeu2MHeBo9@hotmail.com,2
314,s3VMk4NrWU0e6RDghNZ50X7VYl7AiPozcShrxqoV,fWw2GGmjq7bTFIjQiMrADf@hotmail.com,2
315,eQz-6dgC7jWsVFk-QvtUx6oZoTeB9zX6s7-mNkLP,00spAHCykA7BFhIBFv@gmail.com,2
316,LBpVXTavkYE2ysWSBcwMVSGKMAHWZzzm7Hb.KbK8,4uztZuBUcA7N6ukYYq60hkiO@hotmail.com,2
317,1sYBxHli3yp07s3bjIKoG0RL0zqfvcKfRZfyAoiG,MgcGaydT.zDJhw2KBOEf-CcnuF4HLFL9@outlook.com,2
318,QnnmRAINSv7SjQkkIZKF6Nbul9R6ShgMcbw-y7ut,eY-47WfGVbLt6XUhEkl8F@gmail.com,2
319,Uf6uiNm0ZZGRqxkN7qOfBdS9RqkrrQs0zdVNjJ-R,iiWdjHNIHQCs8vHn@yahoo.com,2
320,Bi05s9efYMhIvnDNDdo3JlZ.K19XwmtJsESC2N2C,TaBN0e7JjoA.-HceX9o@yahoo.com,2
321,Rj48mNse6CR4bPytropEaqrLtc7SMCQnIHbvap-X,Ev58B7HKnHdSQmFKiUZvfv0@hotmail.com,2
322,6EPxisOlvQz6iWxQPrzxTE-dZxPLjCLcO95Bt6Ef,d.im3bqRqFxBTizAcp60@outlook.com,2
323,n8HuAwIzyvJ2uSF3pgm1oDBsYAw84f4tpWlwHqY4,Inyh0gBcpzDlKSmxP2Nc01vTnXWpJo@yahoo.com,2
324,WC15yFxKDNS1vYGK8RdcAGRtbJYk6JqOzE6-6WFc,WM37Rx-O3JJvslIc@gmail.com,2
325,azqEUWqmLf.Kkr.88brK8MuvFay7NY0D9.QuO84C,XZGvKpBOMhiyv7srkIHOkT-r8.@hotmail.com,2
326,Gdx9Hjj-6dCNljqjx42KMYO7WWt9fznZlqh9d-PP,LzpQf5w7gI4Q.jgtRhhj9EN@gmail.com,2
327,lSaliu5w4LABULAkkGZYqBLgHj2IIf3O1gICzg96,QiFwZAj1hJ3qtJ1zEhZ2tHBC@hotmail.com,2
328,bjMtXnkOecTEzLWwS.Bmo6rvSdRX-74y0fFKBUMq,9YCFBdVP93bzQIasGBJPmA9@yahoo.com,2
329,dX0efb.x0J45UTDPFm4.-A7tE0ZR6ms0RbFRUErS,tkBlxvjHOvg1Pon1S32Re9@yahoo.com,2
330,e7H-hksBFRCbSa93UIrenn6P72VYRrYNOzutYXmW,N8mFDYchtPFWdpxyXEYWI7@yahoo.com,2
331,mruEyeJ5pBPiNXhdH7vABX3jd-nU4T.upNq95HAt,80O0y8PsK8SKwlnXm2Mo0at3f@outlook.com,2
332,GZpAQl-RPP9Gg8tfOza9BXkdkajqeyTZ9le1JDLB,Gj8aYIpZBDrqYeARb9.yJjsIR7kp@outlook.com,2
333,XxdRwV4KfwUpCml67Ic7UvBqS3uMIDoCUNqBh3sJ,NU-1D7RaTaZdS5iyMoBvFNxMc3Pif7s@yahoo.com,2
334,4Fo1va.wYZmbwFEO00co9FQcFlNmciWjA.b9eavf,OsF4vdbyjho30yuM5IQ8@outlook.com,2
335,3eqgfq2n4TLW4rNdZbBEb-SVbWuh8EJOgL6rRMTu,77Jp9h6eJ5THMBXnuGJ@hotmail.com,2
336,--IBI-UVybMo-FMYNWy.IxIPw15SCw8nrpFV8Qwx,OdLaowJ3q57naIVq@hotmail.com,2
337,3RggzC4yIfC2ADr1Ta3.RfYLyUOIgkPAL3L73ojf,kWi5ESfXhJdzKUyFBD@hotmail.com,2
338,sphkR9rIjCGZhWNcxIqSbBBnA0BJfZZLLDsxaSU2,Lrwd9cF9vorjO-ogc@hotmail.com,2
339,jk3p.8DwHCQ9Mgb2w-1GPWNppssuiTlMFKP4ijv2,nU5l5bufYSqGZr-IS82HBiVB@gmail.com,2
340,nV02llNI.581L2j2.63n6KH4EHibU4.wIYN1mdIP,SnExENgMsCYtXdNKSqT9vDz198cm@yahoo.com,2
341,N0ZRdxcko35lTCGrSG8tIQoaA-sGEF4Nzq16DjJP,dWwE6EaMYoKNvgWehaiK3ZUMJ7IId@outlook.com,2
342,YoRWcpT6ctsUodXSmWTPWi.z-n99KAPKMjKU6vqW,riSyUlJIyrWt-VBDd0UjFfEz2mVnrtB@gmail.com,2
343,s3uC4LnYtWvyAGwD0ALo9gwXo-2oyzI4BZhnP3EE,vtBFXy.vp-zosnYDwFWZTLzSuVDnQq@hotmail.com,2
344,mARNeJvfN.9CyItkx-KgOMr2i9ZixkyAy0E4aVwZ,YsWEIU3Wl5foJcrf@gmail.com,2
345,Bf0imcrzHtc0SpWPF.RqLJpcDalEiDQcUz7ZXl3I,qLFm5b6QhGqvYDmJHS7gTkNx5@hotmail.com,2
346,HMd-i3K2gsxaD6cWuZmxyVwdsGpUwCpxd1UEJ5n8,yVyQCXX9LF9hW-L2m45vY@outlook.com,2
347,UaZzw42lpJ5QNua4D5IXR-rdIzE9A836j2WI6-pf,tgqbawksF7uVgiy68FlN4EcX8F0@yahoo.com,2
348,nhnTSGtFeHGK3-vkgMqgd5LUEF5NDYdjmD99N0VY,ZvPYidIu9m7MtpPfPkk.rZnylQk@gmail.com,2
349,s88kPRy6qIOCwfQZ0OP-4EN82Sno.wVzuHT3h7Bg,udstZgIOLHwvUIJwR7NNlIJ@yahoo.com,2
350,RkDIshfLQRTo1pzAh9gPZx9Y7RO.UJU65eUtYGnv,4dQzY04aMmVNAtVvWv7AOZT@gmail.com,2
351,h8xLq8LVGWMpKSHVcVoi3lqaXeEFd7n0mSHz8.ce,PgBx6AZdYjRchwRNzQtLJqyFvNttPRcP@yahoo.com,2
352,f5vTO0NOkmQ9I11.U6gAgOM4QZqHU.PFKN..XcUK,1U2HsEk.A4m.t7HWV-CUgSlop91.@hotmail.com,2
353,-WkuNJ04.G0.I4s7UOChqOCGmyyNGDXVuBDEw0UY,ye7Ogf00cgvC4K21QE8.DOp2zqRX.fd@gmail.com,2
354,f-Fdj0dE5Il8ExYtQW6K4hMmK4tf7FglFG5sFtq0,Y4plE4Q6ldvWM7NAycfy8c@hotmail.com,2
355,hRlH1A65s50i7xX-qp935xzmrZihIearRa7mD9LI,oXIabaJwQgwseKOzxsM0n7.@hotmail.com,2
356,UXUwedLCPISTZ.dvGmbVYuh4rmr72oRZFhc3cCfT,B9TUNqS6lZC4IGoYb0vfvk7V8@yahoo.com,2
357,dVpUvxk8HM4u9ANkTbgB-LwrL0y4.FGsvpJNy7E8,si8hM417OWR8zd2y5Usm@yahoo.com,2
358,dvBwD7JmL2yhdk-C-uLjpyynNtSCUtgBBnZoyc12,EXq4kOdWe3SLL.5D@yahoo.com,2
359,C9kg2Y4kZBgMHml.QbAhScVOlgljQJMFhYyxLWJa,7HSeaxv8CESSQxklcRD89-G@outlook.com,2
360,-sSFEvPx1p6SfpM3nGLjbh.W8YNh2CpNstC6ipw-,R1mkgq57cilaBsR6o-Miv5jzN@hotmail.com,2
361,WfOcR3ijGAwF2oTjMIsXBIZd9Mwo5YZ3ELea6LqJ,PZcQ4qKdDIl0uxI57AJT4@yahoo.com,2
362,nDtA5-u0mf7AebbRDKVwXLzcu.15myWg7Mtu6d4F,kn501BTZnchJ-fvx2@yahoo.com,2
363,oaCbd92dknLY6Z.aUtGuzRTfQH6GNUtr9Xe4cxH.,GsPaezKWHEfJuwWognHPM47Ri@outlook.com,2
364,iADYkyejw-DKaDTx6Cv.8GqMaXf4ZFQ12WHpQyAT,K06Nhlv17HmaTTk6rfxy@hotmail.com,2
365,Hdy-M7pRzzPEgAMZKYbcM9Z25n-4RawqirN.LmSV,bbYS-uj-jx1pxZA@hotmail.com,2
366,pzWEkxvz8nbXfWG3v4oTP4UqlQKQ1iJ.g0u.Me3W,iEvgK4Yp8ihHlELTIxakZrTf6guPLClf@yahoo.com,2
367,hlnepGPfwMur2gZPWlp0Ujyt-MjBc7Ayn5e6uROM,3fbp2xG-spHwBq6.BoBD@yahoo.com,2
368,lPjy7hQ5zZ1ljMIy3-T7syI5Tx96qLdiMs9C.g0l,NZiRNC.wOfM8T2.eFjQK0NmCYe@outlook.com,2
369,FSFxglQUmCrH7lhZEomYXDqdeLauQ9f.5ODOPKxt,S5F1nwVVHXZCtMEQTb5-55@gmail.com,2
370,ad3Fz7p.tbOWz2qJV4NCzJmDH7G.Mp8Ib6r3Dm9f,gNqRDsofvn46HDf4YzE2PM8@yahoo.com,2
371,6lMAWb.DSOF.yeVQKqsuOl13yN8TSTaJ77hSVsbW,FgkyeimB7mRYPjMMDbLdbRPHqCUBkuE@outlook.com,2
372,IgqjqjuVEqacDdzPLWszdfrF7CoTlB2uJCwNGk4d,1mgepq-6DENuDw.lJGRfJiUrhnxqYg@yahoo.com,2
373,D.6j.giMHE-IJ4wQSDf27ugFKWTtHen-zp3ich-L,I68MzwLbwFI1BY78IE@gmail.com,2
374,07q2sJvrO9BKmRYfO.yuJGeyMrIjLft7T8efadfh,uTimKsdB0irWilmP8ZYXtG53w4N5M@hotmail.com,2
375,wc.IW3oRF6HOVF-euGKWU3PIV7phJDbp7RssmolM,mXn9GczUntkyIx-vwAvFBHSl5ILV@yahoo.com,2
376,UmV2jGgfbenm-IcYIi866b1GEWILYxda0YCEtfZP,dTz9T1cIG8t4b2V2lSm@hotmail.com,2
377,4oZMEiDPxH8m7S6y.Zhm4.mJm7LwASVX8We-jIwi,PXJtecff4byiFN4ojUv-vOqytbkOd@gmail.com,2
378,.7Cm7-M6NhKcn4aS.4SffRvAcDMO2Ks8UDINJNo3,eAHi6cGuAHI1vAb61j-8-b@outlook.com,2
379,c-J52lZC.DiKXimpfr6ip8EiRiCVa7qysU.kSHJ1,BiiqtncA93tPXMrJ@hotmail.com,2
380,aUE.D-IFF-YJcTPRgYzfoWjZ0F88Aqg5odkcTlaB,9MQKONwBtklZRJvqB@yahoo.com,2
381,HruCFL.3b-u5ngNr2skdf5QkhJKDB2Xa7uStoDUB,LN0cI4Yk8l2OcApZ290bRcHGjo.@yahoo.com,2
382,GTahFW996CQK2D9o8VMWEu19WQRX8QGVgCvk0izT,BzhKquJSIGbfZVRoWPZlHLIUee-aqL@yahoo.com,2
383,0wDo4o.i5hmmxUBHenY8yFI2z.pfOcAR0oumCYRQ,CLarVnqpjZjVg8DpwUK@yahoo.com,2
384,ImUsEbXE6oF1r7G1Mmfwqg3mi77i4gihiOht7qjM,Ybw51ZV3oqU9DJtKic@gmail.com,2
385,XTnLiWApmNZRclZ0ji0Eba2igFr6y1-IprNAQwip,Q0iFzfNbr5fQcMzBv@yahoo.com,2
386,fYe5tQWTUsvyPfDIrR8aZw5IstD113al6qgEiJRT,6hz2w2-JSsJXhitO-26.SP3fjryG@hotmail.com,2
387,nwe2ogNeGaqrX3QFWY48Wd6qN1bXrYDqD3tC0BcC,LagOcRAyFRVnH.ai@outlook.com,2
388,BFf3gU277GbcUS5pouRN0wEDPlQQVNh.EhIP9bTI,m3L9kyQjybcuBAoP.ozH37M3Lx8awt@gmail.com,2
389,UikFkjM-nv24BQ2nEq6aIpDgvmfBNObGadVzf5MI,XNSAOCGa.xqr-jUxx@outlook.com,2
390,t8HXMULEeDKSmURXASflDUGJzu9kilEJQ07a72aG,5yDJc6XnbcCe8.1w73aeTOCWyrXJ@gmail.com,2
391,Avz6F3SDvx01zaXYitcPhDDbKUNwmqGtn683J7-h,pxnsh.1iSTfv-YxWkxw17@outlook.com,2
392,lVDET7fqOkU1C0UxKHovk88v7b2kuwvy3gh.At.R,hZOIiiBc.iNvLFn3Au@gmail.com,2
393,WeSnq8JJDQ0.sonRRTGMiFy7D85T.UVlcWWUsc9o,T7EtIwo5uDL-BwhIkaf0CAJehaKw6H@yahoo.com,2
394,VZwqV4Mgp5MPv-1lbBfHKvo6k9pW9NPnBcfQXCMz,bBh38IT7ZpfKXdOvKuC@hotmail.com,2
395,xxFTFB4pKWkONULN24AbKfIYrOShe3M8jHUg8IrE,knJNPwdiDjhQVGmP4SoANmJjTvRXx@outlook.com,2
396,ZPjZCvJ6lRcQKzM2kguYTJGssW5qG1j.FiDQgpKK,Vz11FfmB1h0JuGSKnYGcEi@yahoo.com,2
397,SQWhZOvOxzSgquHwSsYfMWgasULJULiuPFiIVbQb,SOySX4Yk41KePOo4eXlxTwb56ftnWQp@gmail.com,2
398,8ZD-E9tTGW06ZKvbpy4t3kAQx.g7so5yCL11PGdW,-zo6m5l1qnDhPd7CgEqsHoFFBNGu@hotmail.com,2
399,rFKLEIeevYsh.GtJ0s0cwQePkRp120Xz72mntoxi,ZcbOcB7bEVSXgPaTKxxx.@gmail.com,2
400,hx4xdmFLlWYSB3u8UmY.ku3DmGW.BDGT6W8Pdy4t,Q5Pi32DD70FNOyhiDKO6@gmail.com,2
401,GkAyaRT6aiHzLPe.Mz7Xi8hbR2L5L6EKti0rUahL,DErc07Rqqn35Dh5aDH5spvTomWh4I816@gmail.com,2
402,LWN2UEpADjkWMqLAWtyLnM0kPW6dH44KQes2jHGD,7XgzWyPtXzXcmT9GYLVZlHJ1-E@yahoo.com,2
403,ARhLNjIQG-nXIqPmIFk83cWZB.LijakeZthjeo1a,uviuKaWFx5avl66ioh@yahoo.com,2
404,XxQkvbYe0C6TahKF3ptOargqCZ-go-kwj7gXNA1z,VYtdtS0t1rSvQM64dVHj6@hotmail.com,2
405,qVme2h.tbBG885wAyx9oarSc-vfACq7fBTXeBcWo,IADS7nCd79xbeTc-@gmail.com,2
406,mMNOcey3Gx3eaOC.9eOO8p8Z-AFvvwKRFqWVaA50,8yAJC2GzwTye4aX7eA@yahoo.com,2
407,vESoYJPtUjfgLuYZJxln.WaH29T1HdikYeLR1Xj1,EhXj6OZ8jUkTNF.eWNvlC3fFOn@yahoo.com,2
408,hYDt9SGiBkU6HvsDelE85KjdAnj5BFdaUEHXL.hr,soxuz3Tl9jjp1yShuav@gmail.com,2
409,wv4nvgZqadEhwd6XckqTtqbKcpegvDp1keigcpxw,-wnbeHGlenE9XOtZ@gmail.com,2
410,8u5W0wRUjzDfms5cTE3zBTEC-BTkSXWG4p70y0KV,GJ70UDOJ2pzjg5Rr9b@gmail.com,2
411,5U91GAFceXxjDdsS2GJ.e-u7RFSoRWv2jRY7Aa9V,SK4aSqQ98NbaaO2YmkLz8hHgvwgO@gmail.com,2
412,OUvnfZRpJyyN7Nr51OEpY8tMrmEx9WkL3E1KWGD5,aogFfppTfbikeThMC4DUD@yahoo.com,2
413,XvhaysZjSTHqL0DzjVNJCaOjylmTE7LYyQFPRK0p,-GGJj78O2zkYv13@hotmail.com,2
414,WwNghoUF1nmQdI6Tuy8-3Y6gemp2McaOzZmHGBYU,Bd267vnLsMUIpYUKl.UZeRNnPUw@gmail.com,2
415,4ucJBbBzE.eybP9PzKupacon3ghWP-P7K8x527vx,drhGI0MIpZfDjbgoO@hotmail.com,2
416,HLkfEvbxM3ljyEp1DiQ3vw6YlS5S.xRLtnrFAhcD,GAGN7Du7AmmiprzdZQtpvbVw2g9@yahoo.com,2
417,zUFVO9luL8rrJSeMla1xDXEZZaEi4AaVAg1-Xi-f,kf5b59ndSAKbWgxI6jf0.8L@outlook.com,2
418,KdaTh1pE-lG7phpfFfMgLXW45Oi3t61x6kRE8.En,cwC8EodNhLE07wtfQp3wS32vH@outlook.com,2
419,1-gXDE6r.SZt3GlFxyKsXMfprM09II.ATcwTinHt,2sYIKmRUda7n.aMlGhGRgNL7o@hotmail.com,2
420,-8-adpr1N13ONXFl6.av5q-t5JgR8YBHt2iHwKu6,OpU5i.0JeCyFhPs6pks-S@gmail.com,2
421,3Emq3chOXe0ilGGNA3-NiJLXVWHCRDZPlY5SW9-m,pnuiPBvCQaUTkyx4EwzjX@hotmail.com,2
422,fLCGRSIXsMgx.Pg.tenjXJ9aO4ZG-JDf.Skdw0Un,kiBQDFps0AuPG4ALkG7yE@gmail.com,2
423,f8zD8-B2q26ROPB2KInt4jNL1C6cVXA1Y80rnsoc,pE6uklUrXcaxA3wFhvFxhkbucJWr7ejY@gmail.com,2
424,uUdURFwE7SdTjhGj3w9bQ26aecygcHfsrfhOYg3i,bczL-upb7UZ5D4.6tJJrmP1cdQPCD@gmail.com,2
425,Y0RDnjyOOom9pZpzl5TFJnm66LOQaEYHiiclfLiV,iK.PMN7b43Sa-cLOZ4HLjgQWHLpYsx@hotmail.com,2
426,Jv0IrknjRCzdR2kHQa0AvF3SFByfagLOmMpAVnYq,R1vOr7B2gG2hUpoywrmslvZxyY46km8@gmail.com,2
427,te-Ck-HBaup-MhPmBogdeDng0EVmNkEF2HEkW60A,982qVDVd6s1tzUzkzYBre@yahoo.com,2
428,BPWEkKT3HG98mMLx6iHYXiLXDPhdL3r.6q7Ef7n0,rS-z3UZrhJJTqnvi3@hotmail.com,2
429,kCx.Pd0bvO6pNGg6mOBezI1Jh8VUADyooD3.dbBd,ratQGAS52ngwZCi@gmail.com,2
430,4xwDzpZQCCBq5inQ4fuz4kOTJZrRhtv.Wo5HExlZ,UqpLlCHaGMCpBfx@gmail.com,2
431,MHgy2mCUfBp7qiqiiqIKDYGTeted1eKxKjtav7x8,9DZEO6otYwBsRZF9FU4l51eLTC9ji@yahoo.com,2
432,kVXBkCg4cVrt9WBut.wp4EAyn0ndaF9E1RfDjz.c,Lp1uBnCMPEq82p-uZCy402ZSn0@hotmail.com,2
433,gBIbpqSx.20rke92WURLyFn3hQTdJx7FHa1YIA5X,P1fTtp9VA8pP8TZm6GycvmWwVtdGd9D@outlook.com,2
434,56HzfHsv7mzDXo1FJJfz5IK5abEKjmJ1LWttHrQ9,XckCVO1e4DO3lX0OmenGyI0kWwRbNk@gmail.com,2
435,bDF4TQHh5NL.AgAp8r.obJGfMIaTGakA-aSZOdSz,.uF77jjggQKWShkSlekLg@gmail.com,2
436,F8q5y-iOZC924A.2yfplfG.vaYvkieAG8iDdgb.x,23Pm-TDlj25MRl5dvE1kEcmr@hotmail.com,2
